,t_lang,t_deploy
0,1,1
1,6,3
2,10,4
3,8,0
4,4,1
5,9,4
6,1,2
7,4,4
8,5,0
9,1,2
10,10,3
11,2,1
12,10,5
13,6,0
14,4,3
15,10,3
16,6,2
17,2,4
18,10,3
19,1,5
20,3,5
21,4,5
22,1,3
23,8,2
24,7,4
25,9,5
26,4,3
27,9,0
28,8,3
29,2,1
30,8,3
31,4,5
32,3,1
33,8,4
34,5,3
35,6,1
36,9,2
37,9,5
38,9,1
39,8,0
40,10,4
41,9,4
42,5,4
43,1,0
44,3,0
45,2,2
46,10,2
47,8,5
48,9,2
49,4,0
50,6,2
51,1,3
52,7,5
53,10,1
54,3,3
55,2,4
56,8,5
57,10,4
58,7,5
59,2,4
60,1,0
61,5,1
62,10,3
63,3,3
64,4,4
65,8,5
66,3,1
67,10,1
68,4,3
69,6,1
70,10,0
71,8,3
72,8,0
73,8,0
74,7,0
75,8,4
76,10,5
77,2,2
78,3,0
79,9,3
80,8,1
81,6,3
82,6,5
83,1,4
84,6,3
85,4,2
86,8,3
87,6,5
88,1,3
89,4,3
90,2,1
91,3,1
92,4,2
93,5,5
94,1,4
95,4,0
96,8,3
97,8,3
98,10,0
99,4,3
100,10,5
101,3,0
102,5,4
103,10,2
104,10,2
105,5,4
106,2,1
107,10,5
108,4,2
109,1,3
110,3,2
111,8,0
112,5,5
113,6,3
114,4,4
115,5,1
116,4,1
117,7,5
118,3,2
119,3,3
120,7,3
121,7,0
122,1,2
123,4,5
124,3,2
125,1,2
126,8,0
127,5,0
128,5,3
129,6,2
130,6,3
131,1,3
132,8,5
133,4,5
134,10,1
135,5,1
136,1,4
137,6,1
138,9,4
139,7,2
140,7,1
141,1,2
142,6,3
143,1,3
144,4,0
145,6,3
146,8,5
147,10,4
148,8,0
149,6,3
150,2,0
151,3,5
152,8,5
153,8,4
154,9,4
155,2,5
156,5,4
157,3,5
158,9,1
159,10,2
160,9,5
161,5,4
162,10,3
163,8,0
164,3,2
165,2,5
166,2,0
167,1,4
168,1,1
169,2,4
170,6,3
171,10,0
172,4,1
173,2,2
174,10,3
175,9,1
176,3,0
177,9,0
178,1,1
179,7,1
180,2,5
181,8,3
182,5,4
183,6,2
184,5,5
185,2,4
186,5,0
187,10,4
188,9,0
189,5,3
190,4,4
191,6,2
192,8,2
193,6,0
194,2,2
195,4,2
196,8,5
197,7,2
198,3,3
199,9,1
200,1,5
201,5,4
202,10,0
203,1,0
204,5,1
205,2,3
206,7,2
207,2,3
208,2,5
209,4,3
210,1,3
211,2,3
212,5,5
213,2,1
214,6,1
215,8,4
216,5,3
217,3,0
218,4,4
219,9,4
220,5,3
221,9,2
222,3,4
223,10,5
224,1,4
225,6,0
226,6,2
227,4,1
228,6,3
229,8,2
230,4,3
231,2,5
232,10,2
233,3,3
234,5,5
235,1,0
236,2,5
237,9,2
238,4,4
239,5,3
240,5,4
241,7,0
242,9,0
243,9,3
244,8,4
245,3,4
246,9,1
247,3,0
248,4,4
249,8,2
250,6,5
251,5,1
252,5,3
253,6,3
254,5,0
255,6,1
256,9,4
257,10,3
258,7,2
259,7,0
260,9,2
261,1,5
262,2,4
263,7,2
264,8,4
265,9,2
266,6,4
267,9,0
268,9,1
269,2,2
270,2,0
271,10,4
272,4,2
273,4,4
274,6,0
275,9,3
276,5,2
277,4,1
278,5,2
279,1,5
280,9,4
281,7,1
282,5,1
283,8,4
284,6,3
285,10,3
286,2,5
287,2,2
288,4,5
289,8,0
290,4,3
291,10,5
292,3,1
293,6,2
294,3,5
295,5,4
296,10,5
297,3,4
298,8,0
299,3,4
300,2,4
301,5,4
302,9,2
303,2,3
304,3,0
305,2,1
306,2,1
307,2,2
308,9,3
309,6,1
310,9,1
311,9,0
312,10,0
313,2,4
314,7,1
315,10,0
316,4,1
317,4,2
318,3,3
319,8,4
320,9,5
321,4,5
322,6,5
323,4,5
324,1,1
325,4,1
326,3,1
327,9,3
328,8,3
329,9,5
330,8,4
331,4,3
332,3,0
333,7,4
334,1,4
335,7,5
336,9,4
337,8,0
338,4,4
339,9,1
340,6,2
341,1,1
342,3,3
343,6,0
344,3,5
345,4,4
346,8,1
347,3,3
348,4,4
349,9,0
350,2,5
351,6,4
352,6,3
353,4,4
354,3,0
355,7,3
356,8,5
357,6,1
358,8,5
359,6,4
360,2,1
361,6,4
362,5,4
363,4,4
364,5,3
365,7,3
366,6,5
367,9,5
368,1,4
369,10,5
370,3,5
371,2,5
372,2,4
373,1,5
374,6,4
375,1,3
376,3,4
377,9,2
378,3,4
379,8,2
380,2,5
381,7,0
382,6,1
383,8,3
384,6,0
385,6,4
386,3,4
387,8,1
388,4,4
389,4,2
390,2,0
391,10,0
392,9,3
393,10,0
394,10,2
395,6,2
396,3,0
397,6,3
398,5,2
399,7,4
400,7,3
401,5,2
402,6,3
403,1,3
404,2,0
405,1,5
406,7,3
407,6,4
408,6,5
409,8,1
410,3,3
411,3,0
412,4,5
413,10,3
414,2,2
415,2,3
416,5,1
417,3,2
418,7,5
419,9,1
420,8,4
421,6,5
422,1,2
423,8,5
424,2,1
425,2,2
426,7,3
427,7,2
428,3,1
429,6,2
430,1,3
431,5,5
432,2,0
433,7,0
434,10,0
435,5,3
436,9,5
437,1,5
438,4,2
439,4,3
440,7,3
441,2,1
442,4,0
443,10,2
444,10,5
445,1,0
446,10,1
447,5,3
448,5,0
449,5,0
450,1,0
451,1,3
452,6,4
453,10,5
454,5,0
455,2,2
456,8,4
457,10,2
458,8,0
459,3,0
460,7,2
461,1,5
462,10,3
463,5,1
464,4,2
465,5,4
466,1,2
467,10,2
468,9,5
469,6,2
470,1,4
471,1,0
472,8,1
473,5,5
474,3,4
475,5,4
476,5,5
477,2,0
478,5,2
479,9,5
480,4,3
481,2,3
482,5,2
483,1,0
484,4,5
485,7,1
486,5,5
487,9,2
488,3,0
489,3,3
490,6,4
491,10,5
492,10,3
493,9,1
494,8,2
495,2,1
496,8,3
497,8,1
498,9,5
499,4,0
500,8,3
501,1,5
502,2,2
503,10,5
504,4,0
505,10,4
506,3,3
507,2,3
508,5,2
509,2,3
510,5,1
511,6,2
512,3,0
513,4,5
514,8,2
515,8,1
516,9,2
517,3,3
518,3,0
519,2,1
520,6,0
521,1,4
522,10,3
523,3,0
524,3,2
525,1,2
526,3,2
527,10,0
528,1,5
529,8,4
530,7,3
531,5,0
532,4,3
533,6,4
534,2,0
535,4,1
536,5,4
537,9,1
538,5,5
539,1,3
540,6,0
541,7,1
542,6,1
543,3,3
544,9,0
545,1,1
546,5,2
547,3,4
548,9,3
549,1,0
550,1,5
551,8,1
552,7,1
553,6,4
554,10,3
555,1,2
556,4,2
557,6,4
558,3,1
559,2,2
560,6,1
561,10,3
562,4,1
563,7,4
564,8,0
565,4,1
566,4,0
567,2,3
568,5,2
569,8,2
570,8,3
571,9,2
572,7,3
573,8,5
574,4,2
575,9,4
576,7,2
577,6,0
578,3,0
579,1,3
580,8,0
581,2,3
582,1,3
583,9,4
584,6,1
585,1,5
586,5,0
587,6,0
588,1,0
589,8,4
590,2,1
591,3,4
592,10,5
593,1,2
594,5,4
595,1,1
596,6,5
597,9,0
598,6,4
599,5,0
600,10,1
601,4,3
602,3,0
603,4,1
604,7,5
605,7,0
606,4,1
607,7,0
608,4,0
609,7,1
610,4,0
611,5,0
612,7,3
613,1,4
614,3,5
615,5,0
616,9,3
617,3,5
618,3,4
619,3,4
620,4,1
621,6,3
622,10,0
623,4,1
624,1,0
625,5,2
626,6,5
627,4,3
628,1,2
629,6,5
630,6,4
631,3,2
632,1,4
633,9,4
634,2,1
635,2,1
636,1,0
637,6,2
638,3,0
639,1,1
640,6,2
641,9,5
642,4,4
643,9,3
644,4,5
645,6,4
646,2,4
647,6,2
648,1,3
649,7,0
650,2,0
651,3,2
652,8,2
653,4,4
654,3,0
655,6,0
656,6,0
657,4,0
658,7,4
659,1,2
660,9,5
661,2,1
662,6,3
663,2,2
664,6,4
665,9,4
666,9,5
667,9,0
668,6,5
669,4,5
670,2,4
671,4,2
672,4,4
673,1,2
674,1,2
675,7,4
676,5,2
677,3,1
678,9,1
679,4,2
680,6,3
681,10,4
682,7,5
683,3,4
684,10,0
685,1,1
686,5,3
687,2,1
688,7,2
689,4,5
690,2,1
691,10,5
692,8,1
693,1,0
694,9,0
695,5,3
696,9,2
697,10,0
698,7,5
699,7,5
700,8,1
701,4,5
702,9,5
703,5,4
704,1,4
705,7,3
706,6,4
707,4,2
708,7,1
709,5,3
710,6,5
711,4,3
712,6,1
713,10,0
714,9,3
715,3,2
716,4,3
717,8,2
718,8,4
719,2,4
720,1,3
721,1,0
722,8,5
723,8,1
724,6,3
725,3,3
726,9,2
727,8,4
728,4,4
729,1,2
730,1,5
731,6,4
732,3,4
733,1,2
734,3,2
735,1,5
736,1,2
737,1,3
738,9,0
739,10,3
740,8,3
741,9,3
742,8,2
743,4,0
744,9,3
745,10,2
746,1,0
747,10,5
748,3,5
749,8,3
750,9,0
751,6,1
752,3,5
753,10,4
754,9,4
755,4,0
756,9,5
757,6,3
758,10,4
759,4,4
760,6,2
761,6,5
762,5,5
763,5,4
764,10,3
765,5,0
766,4,2
767,1,5
768,2,1
769,7,0
770,2,1
771,2,5
772,2,3
773,4,3
774,2,0
775,8,4
776,1,1
777,9,0
778,4,2
779,1,5
780,5,3
781,10,1
782,4,0
783,6,5
784,6,1
785,2,4
786,8,3
787,1,3
788,6,5
789,6,1
790,2,1
791,9,4
792,3,5
793,6,4
794,8,3
795,5,2
796,7,0
797,4,0
798,2,2
799,3,4
800,3,5
801,1,4
802,2,0
803,1,0
804,4,2
805,7,5
806,5,1
807,3,1
808,8,2
809,1,2
810,6,4
811,4,1
812,9,3
813,7,4
814,7,5
815,1,3
816,1,0
817,3,4
818,8,0
819,5,3
820,1,3
821,1,3
822,9,1
823,1,0
824,6,3
825,1,3
826,1,3
827,10,0
828,2,5
829,10,4
830,4,0
831,8,0
832,8,4
833,5,5
834,6,3
835,5,5
836,10,1
837,8,0
838,6,2
839,9,2
840,2,2
841,10,0
842,5,2
843,10,5
844,5,1
845,8,1
846,3,2
847,2,1
848,3,3
849,7,3
850,9,5
851,4,2
852,3,1
853,8,0
854,9,4
855,6,5
856,7,4
857,4,0
858,5,5
859,3,5
860,4,4
861,6,5
862,2,1
863,9,4
864,2,3
865,10,5
866,3,1
867,6,5
868,2,0
869,6,2
870,9,3
871,10,0
872,4,4
873,4,4
874,8,0
875,4,3
876,6,2
877,8,3
878,2,0
879,9,2
880,6,3
881,1,3
882,6,4
883,8,1
884,3,5
885,1,5
886,8,4
887,10,1
888,6,5
889,8,4
890,5,0
891,5,0
892,3,1
893,2,5
894,4,1
895,4,0
896,7,3
897,8,4
898,2,3
899,5,5
900,3,0
901,8,5
902,5,3
903,5,3
904,6,3
905,4,3
906,10,1
907,7,1
908,7,0
909,6,1
910,6,1
911,6,5
912,9,4
913,5,1
914,1,1
915,10,5
916,2,5
917,8,0
918,9,2
919,7,5
920,6,5
921,7,3
922,1,2
923,5,4
924,8,4
925,8,1
926,3,1
927,5,4
928,10,3
929,4,5
930,7,3
931,7,3
932,4,4
933,4,3
934,5,1
935,6,4
936,6,0
937,1,4
938,6,4
939,2,2
940,5,3
941,1,0
942,8,4
943,10,5
944,1,4
945,8,5
946,3,2
947,9,3
948,3,4
949,9,1
950,2,2
951,2,2
952,1,1
953,7,4
954,8,4
955,4,2
956,1,5
957,7,5
958,7,1
959,1,4
960,8,5
961,10,3
962,7,0
963,8,4
964,9,1
965,10,1
966,3,2
967,10,2
968,1,1
969,6,3
970,8,4
971,7,5
972,2,4
973,4,5
974,7,0
975,1,5
976,6,2
977,2,0
978,5,3
979,2,5
980,5,3
981,1,1
982,2,1
983,6,4
984,2,4
985,4,0
986,2,5
987,4,5
988,6,5
989,9,5
990,10,4
991,6,1
992,6,4
993,6,4
994,7,0
995,2,0
996,8,3
997,7,1
998,4,4
999,1,0
1000,4,5
1001,6,0
1002,8,0
1003,1,5
1004,5,0
1005,10,4
1006,7,0
1007,4,2
1008,9,4
1009,7,3
1010,8,2
1011,4,3
1012,2,1
1013,4,4
1014,10,2
1015,7,0
1016,5,1
1017,3,3
1018,4,0
1019,4,5
1020,8,0
1021,8,4
1022,3,3
1023,9,2
1024,7,2
1025,4,0
1026,1,2
1027,10,0
1028,5,1
1029,7,3
1030,6,2
1031,1,2
1032,8,2
1033,3,5
1034,6,5
1035,8,2
1036,1,2
1037,7,5
1038,5,3
1039,8,4
1040,3,4
1041,10,5
1042,8,1
1043,7,4
1044,7,0
1045,1,0
1046,1,0
1047,5,4
1048,8,0
1049,4,3
1050,7,0
1051,5,5
1052,1,2
1053,3,2
1054,2,2
1055,3,4
1056,1,4
1057,5,3
1058,6,2
1059,2,3
1060,9,0
1061,5,2
1062,1,1
1063,2,0
1064,6,5
1065,6,0
1066,3,1
1067,7,1
1068,3,5
1069,6,3
1070,7,1
1071,8,1
1072,10,5
1073,5,1
1074,2,1
1075,7,4
1076,3,1
1077,1,3
1078,4,4
1079,7,5
1080,5,0
1081,3,3
1082,3,2
1083,7,5
1084,7,5
1085,9,0
1086,3,1
1087,6,0
1088,4,5
1089,7,5
1090,2,0
1091,8,0
1092,1,1
1093,2,3
1094,1,0
1095,9,1
1096,6,3
1097,3,4
1098,5,2
1099,4,2
1100,8,3
1101,8,2
1102,9,2
1103,4,3
1104,8,2
1105,10,5
1106,6,3
1107,7,2
1108,7,2
1109,8,4
1110,3,2
1111,5,1
1112,5,2
1113,4,5
1114,9,2
1115,8,0
1116,8,3
1117,4,4
1118,8,1
1119,8,5
1120,2,3
1121,6,1
1122,4,0
1123,1,0
1124,3,3
1125,1,4
1126,2,3
1127,4,4
1128,2,4
1129,6,3
1130,1,1
1131,10,4
1132,1,4
1133,8,2
1134,2,0
1135,7,1
1136,3,3
1137,10,4
1138,8,0
1139,1,5
1140,4,4
1141,3,3
1142,3,1
1143,9,3
1144,1,5
1145,2,4
1146,7,5
1147,1,2
1148,3,1
1149,3,3
1150,10,5
1151,6,4
1152,7,3
1153,10,5
1154,8,1
1155,3,5
1156,8,4
1157,8,4
1158,7,4
1159,1,4
1160,2,2
1161,10,0
1162,2,5
1163,6,5
1164,5,5
1165,4,5
1166,6,5
1167,2,0
1168,5,0
1169,8,0
1170,7,4
1171,5,3
1172,8,5
1173,9,2
1174,9,3
1175,4,1
1176,1,3
1177,2,4
1178,4,2
1179,8,2
1180,7,0
1181,9,3
1182,2,5
1183,9,4
1184,5,2
1185,1,1
1186,8,5
1187,7,2
1188,9,2
1189,6,4
1190,2,0
1191,5,3
1192,4,2
1193,10,3
1194,5,4
1195,5,5
1196,4,3
1197,1,1
1198,1,4
1199,3,2
1200,4,2
1201,10,4
1202,7,3
1203,4,2
1204,5,4
1205,9,3
1206,9,4
1207,2,3
1208,10,4
1209,4,2
1210,10,4
1211,3,0
1212,9,2
1213,5,1
1214,1,3
1215,3,4
1216,6,3
1217,5,4
1218,8,5
1219,5,5
1220,4,1
1221,10,3
1222,9,1
1223,9,0
1224,9,4
1225,6,0
1226,7,3
1227,2,1
1228,10,0
1229,1,4
1230,8,4
1231,6,4
1232,7,0
1233,8,0
1234,1,5
1235,10,5
1236,6,4
1237,4,4
1238,8,2
1239,9,3
1240,5,4
1241,8,5
1242,8,2
1243,1,1
1244,1,3
1245,3,4
1246,5,4
1247,7,0
1248,6,1
1249,4,5
1250,1,5
1251,5,0
1252,4,2
1253,3,1
1254,5,5
1255,4,4
1256,1,2
1257,2,3
1258,6,5
1259,3,1
1260,8,5
1261,1,4
1262,9,3
1263,2,1
1264,10,3
1265,3,4
1266,6,4
1267,6,1
1268,1,3
1269,5,4
1270,5,2
1271,5,1
1272,3,0
1273,2,2
1274,9,5
1275,9,3
1276,7,2
1277,1,4
1278,2,0
1279,9,3
1280,8,0
1281,1,0
1282,2,1
1283,1,5
1284,6,2
1285,10,4
1286,9,4
1287,8,0
1288,4,5
1289,8,3
1290,4,0
1291,7,0
1292,4,3
1293,6,5
1294,7,4
1295,8,0
1296,3,5
1297,7,2
1298,8,4
1299,3,2
1300,3,1
1301,7,5
1302,3,4
1303,2,0
1304,7,1
1305,5,4
1306,3,1
1307,2,4
1308,6,3
1309,6,2
1310,9,4
1311,10,2
1312,1,5
1313,3,4
1314,2,4
1315,5,1
1316,2,5
1317,8,3
1318,6,4
1319,2,0
1320,9,5
1321,10,1
1322,9,4
1323,3,1
1324,4,4
1325,2,5
1326,6,0
1327,4,2
1328,6,5
1329,1,3
1330,8,4
1331,4,2
1332,10,1
1333,7,4
1334,8,4
1335,4,1
1336,3,2
1337,2,2
1338,10,4
1339,5,5
1340,6,0
1341,3,5
1342,9,1
1343,5,2
1344,4,3
1345,8,5
1346,10,4
1347,6,2
1348,6,3
1349,2,2
1350,9,4
1351,10,4
1352,5,3
1353,9,3
1354,2,0
1355,4,1
1356,3,3
1357,7,3
1358,3,3
1359,9,4
1360,9,5
1361,10,4
1362,10,0
1363,1,1
1364,4,2
1365,2,3
1366,3,0
1367,6,2
1368,2,2
1369,4,2
1370,2,2
1371,9,2
1372,6,1
1373,3,1
1374,8,1
1375,2,2
1376,8,2
1377,4,1
1378,7,2
1379,2,0
1380,4,2
1381,8,0
1382,3,0
1383,4,2
1384,8,5
1385,3,3
1386,10,1
1387,4,3
1388,2,3
1389,8,2
1390,10,2
1391,10,2
1392,9,1
1393,5,1
1394,1,2
1395,1,3
1396,5,3
1397,2,2
1398,10,0
1399,5,2
1400,8,1
1401,8,5
1402,1,0
1403,9,4
1404,4,3
1405,9,4
1406,8,1
1407,3,3
1408,5,4
1409,6,0
1410,1,4
1411,1,1
1412,6,0
1413,1,2
1414,5,4
1415,1,0
1416,6,1
1417,9,2
1418,2,3
1419,10,5
1420,1,4
1421,8,0
1422,8,3
1423,5,3
1424,8,1
1425,3,4
1426,3,3
1427,10,5
1428,8,5
1429,8,4
1430,7,5
1431,4,1
1432,3,3
1433,8,4
1434,8,5
1435,8,2
1436,4,4
1437,6,0
1438,4,2
1439,7,4
1440,10,4
1441,3,4
1442,1,0
1443,7,5
1444,3,0
1445,4,3
1446,5,5
1447,9,2
1448,2,1
1449,4,2
1450,3,5
1451,7,2
1452,10,4
1453,7,1
1454,2,2
1455,1,4
1456,7,4
1457,2,0
1458,10,2
1459,4,0
1460,6,3
1461,3,2
1462,4,5
1463,5,3
1464,7,5
1465,9,3
1466,10,5
1467,7,1
1468,10,2
1469,4,2
1470,3,0
1471,3,5
1472,10,3
1473,2,1
1474,8,0
1475,4,3
1476,9,0
1477,8,3
1478,6,3
1479,5,2
1480,3,3
1481,1,3
1482,6,2
1483,8,3
1484,3,3
1485,6,5
1486,3,5
1487,6,0
1488,4,4
1489,6,1
1490,8,3
1491,4,4
1492,2,3
1493,9,1
1494,4,0
1495,3,1
1496,3,3
1497,8,4
1498,1,2
1499,3,2
1500,8,5
1501,6,1
1502,7,4
1503,10,2
1504,3,4
1505,4,0
1506,6,0
1507,3,5
1508,8,2
1509,9,3
1510,8,3
1511,7,0
1512,9,4
1513,10,3
1514,2,1
1515,2,1
1516,2,3
1517,4,1
1518,3,4
1519,5,0
1520,10,0
1521,5,3
1522,2,4
1523,6,1
1524,5,0
1525,6,0
1526,1,2
1527,9,5
1528,9,4
1529,5,0
1530,4,3
1531,1,0
1532,8,1
1533,6,0
1534,8,4
1535,6,0
1536,6,1
1537,6,3
1538,10,0
1539,9,5
1540,6,0
1541,7,3
1542,2,2
1543,10,0
1544,6,1
1545,9,0
1546,6,5
1547,2,3
1548,8,3
1549,2,1
1550,1,3
1551,7,5
1552,4,2
1553,9,2
1554,4,5
1555,7,0
1556,9,5
1557,4,4
1558,9,1
1559,8,0
1560,4,3
1561,6,0
1562,5,0
1563,4,0
1564,10,1
1565,3,3
1566,3,1
1567,2,5
1568,8,3
1569,5,2
1570,8,5
1571,6,0
1572,6,4
1573,10,3
1574,8,2
1575,7,4
1576,8,1
1577,7,5
1578,2,2
1579,1,5
1580,5,3
1581,10,4
1582,2,0
1583,8,4
1584,6,3
1585,1,0
1586,3,1
1587,9,3
1588,6,3
1589,7,0
1590,3,5
1591,7,2
1592,6,0
1593,4,2
1594,3,0
1595,7,5
1596,5,3
1597,10,5
1598,3,2
1599,7,5
1600,3,2
1601,1,4
1602,1,2
1603,2,0
1604,8,0
1605,8,2
1606,6,5
1607,5,5
1608,5,3
1609,2,3
1610,1,0
1611,3,4
1612,4,5
1613,10,4
1614,5,3
1615,1,1
1616,2,3
1617,10,4
1618,4,5
1619,7,2
1620,8,5
1621,9,4
1622,5,2
1623,2,0
1624,6,3
1625,5,3
1626,5,2
1627,6,2
1628,2,2
1629,4,1
1630,6,5
1631,2,3
1632,2,0
1633,1,3
1634,5,3
1635,6,4
1636,3,0
1637,2,2
1638,1,3
1639,7,2
1640,2,1
1641,1,3
1642,8,4
1643,8,2
1644,6,2
1645,4,4
1646,7,5
1647,10,4
1648,4,1
1649,4,1
1650,1,0
1651,1,0
1652,5,0
1653,5,4
1654,1,2
1655,8,4
1656,7,3
1657,8,4
1658,1,3
1659,7,1
1660,2,5
1661,5,5
1662,8,2
1663,8,4
1664,6,5
1665,5,0
1666,5,2
1667,7,5
1668,7,0
1669,7,4
1670,5,3
1671,6,5
1672,6,1
1673,5,1
1674,9,0
1675,9,0
1676,2,3
1677,9,5
1678,2,1
1679,3,0
1680,2,3
1681,8,2
1682,5,1
1683,1,0
1684,6,0
1685,2,0
1686,10,1
1687,1,4
1688,9,4
1689,7,3
1690,4,0
1691,9,0
1692,3,5
1693,5,0
1694,7,5
1695,5,0
1696,1,4
1697,3,0
1698,7,3
1699,4,2
1700,10,2
1701,5,3
1702,7,3
1703,9,2
1704,10,3
1705,6,5
1706,2,1
1707,2,2
1708,9,2
1709,1,2
1710,8,2
1711,7,5
1712,6,3
1713,8,4
1714,5,4
1715,7,0
1716,6,3
1717,8,2
1718,4,2
1719,10,2
1720,7,4
1721,7,1
1722,10,4
1723,6,1
1724,9,3
1725,8,2
1726,6,5
1727,9,3
1728,8,3
1729,5,4
1730,10,0
1731,2,0
1732,3,5
1733,4,5
1734,3,2
1735,10,2
1736,7,0
1737,3,2
1738,4,1
1739,9,2
1740,8,2
1741,9,4
1742,10,4
1743,7,0
1744,4,5
1745,1,5
1746,1,4
1747,10,2
1748,3,3
1749,6,4
1750,4,5
1751,4,0
1752,1,2
1753,9,1
1754,6,4
1755,4,5
1756,9,4
1757,9,2
1758,10,4
1759,6,5
1760,3,2
1761,3,4
1762,8,0
1763,8,5
1764,8,4
1765,1,3
1766,7,3
1767,9,0
1768,4,0
1769,1,3
1770,6,3
1771,3,5
1772,3,5
1773,7,1
1774,9,1
1775,5,2
1776,6,4
1777,4,0
1778,3,5
1779,6,1
1780,8,4
1781,3,0
1782,6,2
1783,9,3
1784,7,5
1785,3,4
1786,6,3
1787,2,5
1788,3,5
1789,7,0
1790,5,1
1791,8,4
1792,10,2
1793,9,1
1794,10,3
1795,2,0
1796,9,0
1797,9,2
1798,1,4
1799,1,0
1800,8,3
1801,8,2
1802,6,1
1803,8,4
1804,9,4
1805,6,2
1806,5,2
1807,8,2
1808,5,5
1809,7,1
1810,1,5
1811,8,4
1812,9,3
1813,2,1
1814,1,5
1815,4,2
1816,6,3
1817,6,3
1818,8,5
1819,5,0
1820,7,4
1821,5,5
1822,1,3
1823,1,3
1824,10,0
1825,1,0
1826,8,5
1827,4,3
1828,5,2
1829,6,0
1830,2,0
1831,3,0
1832,7,2
1833,3,0
1834,7,3
1835,6,5
1836,2,1
1837,4,5
1838,4,1
1839,3,2
1840,7,5
1841,3,3
1842,8,3
1843,5,3
1844,10,0
1845,3,3
1846,3,1
1847,5,2
1848,1,5
1849,3,2
1850,6,3
1851,6,3
1852,1,0
1853,4,0
1854,7,2
1855,5,1
1856,10,1
1857,4,1
1858,10,4
1859,9,2
1860,10,3
1861,4,5
1862,1,4
1863,4,1
1864,6,3
1865,4,0
1866,10,5
1867,10,1
1868,8,5
1869,10,0
1870,7,1
1871,6,3
1872,1,2
1873,5,3
1874,8,3
1875,9,1
1876,5,3
1877,8,3
1878,1,1
1879,10,5
1880,3,3
1881,7,2
1882,2,4
1883,6,0
1884,4,4
1885,3,4
1886,4,0
1887,4,2
1888,5,1
1889,5,2
1890,6,1
1891,3,1
1892,4,1
1893,1,0
1894,9,1
1895,4,3
1896,7,5
1897,4,4
1898,5,4
1899,3,5
1900,8,4
1901,4,0
1902,5,1
1903,2,1
1904,1,2
1905,4,0
1906,1,0
1907,2,3
1908,10,1
1909,1,4
1910,1,4
1911,2,2
1912,4,2
1913,2,0
1914,1,2
1915,4,2
1916,3,2
1917,10,2
1918,3,3
1919,5,1
1920,8,1
1921,3,1
1922,8,3
1923,3,5
1924,6,0
1925,1,4
1926,2,3
1927,10,0
1928,2,3
1929,1,4
1930,2,1
1931,5,3
1932,1,2
1933,10,1
1934,8,3
1935,1,1
1936,3,2
1937,10,1
1938,3,0
1939,4,1
1940,4,0
1941,10,3
1942,2,5
1943,9,0
1944,8,4
1945,9,1
1946,10,5
1947,5,1
1948,3,4
1949,6,1
1950,5,1
1951,1,0
1952,9,4
1953,1,3
1954,8,0
1955,8,2
1956,8,2
1957,8,0
1958,10,4
1959,5,0
1960,10,4
1961,3,2
1962,3,4
1963,9,5
1964,6,4
1965,2,0
1966,10,2
1967,4,1
1968,4,0
1969,7,2
1970,1,2
1971,9,5
1972,8,2
1973,2,1
1974,3,1
1975,9,1
1976,6,1
1977,2,1
1978,3,3
1979,8,4
1980,10,4
1981,6,3
1982,3,3
1983,8,4
1984,9,4
1985,1,4
1986,9,0
1987,2,3
1988,8,1
1989,3,2
1990,6,2
1991,6,2
1992,4,0
1993,1,3
1994,5,0
1995,10,2
1996,10,3
1997,8,3
1998,2,1
1999,2,5
2000,9,1
2001,10,5
2002,5,3
2003,3,0
2004,6,5
2005,5,5
2006,3,5
2007,9,1
2008,3,4
2009,4,3
2010,5,5
2011,1,0
2012,6,4
2013,5,3
2014,6,4
2015,8,1
2016,3,1
2017,7,5
2018,8,0
2019,1,2
2020,8,0
2021,7,2
2022,1,5
2023,3,2
2024,9,1
2025,6,5
2026,4,0
2027,9,3
2028,2,4
2029,1,2
2030,9,5
2031,10,4
2032,5,1
2033,6,4
2034,2,0
2035,1,1
2036,2,3
2037,10,4
2038,6,0
2039,7,2
2040,7,1
2041,3,3
2042,6,5
2043,7,5
2044,3,5
2045,8,1
2046,8,4
2047,8,3
2048,5,3
2049,7,5
2050,4,3
2051,8,0
2052,10,1
2053,5,0
2054,4,5
2055,2,5
2056,6,0
2057,7,3
2058,5,3
2059,3,3
2060,10,3
2061,7,3
2062,3,1
2063,4,4
2064,4,0
2065,9,4
2066,2,5
2067,2,5
2068,7,4
2069,9,2
2070,4,4
2071,3,3
2072,3,4
2073,3,2
2074,4,5
2075,9,2
2076,4,5
2077,2,4
2078,6,4
2079,4,5
2080,1,1
2081,2,2
2082,7,1
2083,5,3
2084,1,4
2085,7,3
2086,10,2
2087,6,4
2088,10,5
2089,9,3
2090,7,3
2091,9,5
2092,10,2
2093,9,2
2094,6,2
2095,7,0
2096,9,2
2097,6,4
2098,6,2
2099,4,0
2100,6,5
2101,9,4
2102,2,1
2103,6,1
2104,4,5
2105,1,0
2106,5,1
2107,8,2
2108,1,5
2109,7,0
2110,3,0
2111,4,5
2112,5,5
2113,3,5
2114,4,4
2115,7,2
2116,6,4
2117,10,5
2118,8,0
2119,9,3
2120,2,3
2121,9,3
2122,9,5
2123,7,1
2124,6,3
2125,8,4
2126,1,3
2127,9,4
2128,8,4
2129,7,4
2130,7,1
2131,10,3
2132,6,0
2133,4,5
2134,3,2
2135,10,3
2136,2,4
2137,8,5
2138,6,0
2139,4,1
2140,2,3
2141,9,5
2142,6,4
2143,1,5
2144,1,3
2145,1,0
2146,5,4
2147,2,5
2148,1,2
2149,3,4
2150,10,0
2151,10,2
2152,1,2
2153,5,4
2154,9,3
2155,8,2
2156,4,0
2157,4,0
2158,6,4
2159,5,5
2160,7,1
2161,3,2
2162,9,4
2163,9,3
2164,3,1
2165,2,5
2166,8,1
2167,10,0
2168,10,4
2169,8,0
2170,8,4
2171,4,0
2172,9,1
2173,8,4
2174,8,1
2175,6,1
2176,6,2
2177,4,4
2178,4,0
2179,7,4
2180,1,3
2181,7,5
2182,1,2
2183,4,0
2184,1,3
2185,2,5
2186,2,5
2187,4,1
2188,10,4
2189,10,4
2190,9,0
2191,5,0
2192,6,5
2193,8,5
2194,1,4
2195,9,1
2196,4,0
2197,1,3
2198,3,4
2199,2,0
2200,9,1
2201,10,5
2202,7,0
2203,6,5
2204,4,3
2205,4,5
2206,4,3
2207,8,0
2208,3,5
2209,3,0
2210,4,3
2211,10,2
2212,1,3
2213,4,4
2214,5,4
2215,5,5
2216,5,5
2217,4,0
2218,1,2
2219,9,3
2220,4,3
2221,9,1
2222,1,2
2223,6,3
2224,9,1
2225,5,5
2226,5,0
2227,2,5
2228,5,1
2229,7,3
2230,7,4
2231,3,5
2232,7,4
2233,6,2
2234,8,5
2235,3,5
2236,2,1
2237,4,2
2238,6,2
2239,10,0
2240,8,0
2241,3,0
2242,2,3
2243,3,1
2244,4,5
2245,5,1
2246,3,2
2247,7,5
2248,9,0
2249,1,0
2250,3,3
2251,6,5
2252,1,0
2253,5,1
2254,5,0
2255,5,1
2256,9,2
2257,10,1
2258,8,3
2259,2,2
2260,4,2
2261,9,5
2262,9,2
2263,6,5
2264,2,4
2265,6,1
2266,1,5
2267,2,0
2268,4,4
2269,10,4
2270,1,2
2271,1,0
2272,4,3
2273,3,0
2274,3,4
2275,5,3
2276,6,1
2277,10,3
2278,8,5
2279,5,0
2280,3,1
2281,1,5
2282,4,2
2283,6,5
2284,6,0
2285,7,5
2286,3,0
2287,10,1
2288,6,5
2289,5,2
2290,2,2
2291,5,5
2292,6,2
2293,2,0
2294,9,4
2295,2,5
2296,9,0
2297,2,3
2298,2,3
2299,5,3
2300,2,0
2301,7,3
2302,7,2
2303,3,2
2304,3,5
2305,9,4
2306,1,4
2307,3,0
2308,2,5
2309,9,2
2310,8,5
2311,5,3
2312,6,3
2313,1,2
2314,4,0
2315,2,2
2316,4,5
2317,2,0
2318,9,1
2319,9,2
2320,3,0
2321,3,3
2322,7,4
2323,4,2
2324,7,0
2325,1,0
2326,1,3
2327,5,1
2328,3,4
2329,4,0
2330,9,1
2331,3,1
2332,2,3
2333,8,2
2334,6,1
2335,8,3
2336,2,1
2337,10,3
2338,2,4
2339,6,5
2340,5,5
2341,7,1
2342,10,3
2343,3,2
2344,7,0
2345,8,4
2346,1,3
2347,4,4
2348,3,0
2349,10,4
2350,3,3
2351,1,5
2352,3,3
2353,1,5
2354,2,2
2355,5,4
2356,3,0
2357,6,4
2358,6,0
2359,7,0
2360,10,2
2361,5,3
2362,4,1
2363,5,0
2364,7,3
2365,3,4
2366,6,2
2367,6,4
2368,9,1
2369,4,1
2370,6,2
2371,3,4
2372,7,4
2373,9,4
2374,1,4
2375,2,5
2376,2,4
2377,8,0
2378,5,0
2379,4,5
2380,8,1
2381,2,1
2382,5,5
2383,6,3
2384,8,1
2385,2,1
2386,4,1
2387,3,5
2388,7,0
2389,5,4
2390,1,1
2391,3,1
2392,2,4
2393,8,0
2394,8,4
2395,4,1
2396,2,0
2397,7,0
2398,6,2
2399,3,2
2400,6,0
2401,3,4
2402,1,1
2403,4,5
2404,5,0
2405,2,4
2406,10,3
2407,10,3
2408,2,0
2409,6,2
2410,9,2
2411,5,0
2412,10,5
2413,10,0
2414,2,4
2415,2,0
2416,4,5
2417,1,4
2418,2,1
2419,10,0
2420,6,1
2421,2,1
2422,4,5
2423,8,5
2424,4,0
2425,4,3
2426,2,4
2427,7,0
2428,10,3
2429,8,3
2430,5,5
2431,9,0
2432,5,3
2433,5,4
2434,3,2
2435,3,1
2436,4,3
2437,6,3
2438,8,2
2439,4,2
2440,6,1
2441,1,1
2442,7,5
2443,7,0
2444,3,5
2445,5,5
2446,8,2
2447,5,4
2448,9,4
2449,1,2
2450,10,1
2451,6,4
2452,2,4
2453,3,4
2454,2,2
2455,3,3
2456,7,0
2457,10,0
2458,3,2
2459,5,1
2460,6,0
2461,4,2
2462,10,0
2463,8,3
2464,10,0
2465,5,3
2466,3,2
2467,6,2
2468,10,2
2469,8,2
2470,9,5
2471,7,4
2472,4,0
2473,1,3
2474,5,4
2475,8,0
2476,9,5
2477,5,5
2478,1,0
2479,9,0
2480,2,3
2481,8,1
2482,2,2
2483,10,3
2484,2,3
2485,1,4
2486,3,4
2487,3,0
2488,10,0
2489,2,3
2490,7,4
2491,5,5
2492,6,2
2493,10,4
2494,5,4
2495,1,4
2496,10,5
2497,1,2
2498,9,1
2499,1,1
2500,2,3
2501,2,0
2502,9,3
2503,3,3
2504,3,3
2505,9,4
2506,5,5
2507,8,1
2508,3,4
2509,6,2
2510,10,4
2511,3,4
2512,3,1
2513,7,2
2514,9,3
2515,2,4
2516,1,0
2517,10,3
2518,3,4
2519,4,4
2520,10,3
2521,6,0
2522,5,0
2523,1,0
2524,3,1
2525,8,1
2526,9,0
2527,1,0
2528,8,4
2529,4,5
2530,9,5
2531,9,1
2532,5,0
2533,5,0
2534,2,0
2535,4,0
2536,3,5
2537,9,0
2538,3,1
2539,10,0
2540,8,5
2541,5,1
2542,3,2
2543,1,4
2544,10,4
2545,2,0
2546,7,5
2547,3,0
2548,5,0
2549,5,2
2550,5,3
2551,10,4
2552,10,2
2553,7,2
2554,5,3
2555,6,5
2556,5,5
2557,1,4
2558,2,3
2559,8,2
2560,5,0
2561,6,3
2562,6,0
2563,10,2
2564,1,1
2565,10,1
2566,9,2
2567,8,1
2568,5,1
2569,4,0
2570,10,5
2571,4,5
2572,1,1
2573,1,0
2574,3,0
2575,2,1
2576,10,3
2577,7,2
2578,5,3
2579,4,4
2580,3,5
2581,1,1
2582,10,0
2583,10,5
2584,2,3
2585,2,4
2586,7,2
2587,8,1
2588,7,1
2589,9,2
2590,6,0
2591,3,3
2592,9,0
2593,9,3
2594,8,5
2595,5,4
2596,9,5
2597,1,0
2598,3,1
2599,1,0
2600,9,1
2601,1,3
2602,1,4
2603,1,5
2604,2,4
2605,10,3
2606,7,5
2607,7,3
2608,4,0
2609,9,1
2610,1,4
2611,1,2
2612,7,3
2613,7,5
2614,4,1
2615,6,5
2616,6,3
2617,7,5
2618,2,0
2619,2,5
2620,9,2
2621,1,0
2622,8,3
2623,7,0
2624,9,1
2625,7,1
2626,6,4
2627,1,5
2628,6,3
2629,3,0
2630,2,2
2631,4,4
2632,2,0
2633,7,4
2634,8,4
2635,2,1
2636,5,0
2637,4,2
2638,9,3
2639,8,0
2640,10,4
2641,9,3
2642,4,0
2643,1,2
2644,5,1
2645,5,2
2646,5,4
2647,2,5
2648,2,3
2649,7,4
2650,7,5
2651,4,5
2652,8,2
2653,5,5
2654,2,3
2655,2,0
2656,7,5
2657,2,0
2658,9,0
2659,10,4
2660,4,0
2661,4,1
2662,10,2
2663,8,1
2664,1,0
2665,5,1
2666,1,1
2667,1,0
2668,5,5
2669,3,2
2670,3,5
2671,5,2
2672,5,3
2673,5,5
2674,1,0
2675,5,5
2676,6,4
2677,1,2
2678,3,5
2679,6,0
2680,9,4
2681,7,5
2682,1,4
2683,5,3
2684,4,1
2685,6,1
2686,9,1
2687,10,4
2688,6,0
2689,3,3
2690,2,0
2691,6,4
2692,3,4
2693,2,0
2694,2,3
2695,5,0
2696,3,5
2697,8,4
2698,4,0
2699,2,0
2700,9,0
2701,10,5
2702,5,4
2703,6,3
2704,9,3
2705,6,2
2706,2,4
2707,3,5
2708,6,1
2709,8,0
2710,4,2
2711,2,0
2712,3,5
2713,10,4
2714,9,2
2715,6,5
2716,7,4
2717,1,4
2718,4,4
2719,3,0
2720,7,2
2721,7,2
2722,7,4
2723,3,3
2724,8,5
2725,8,1
2726,2,3
2727,1,2
2728,7,0
2729,5,5
2730,6,4
2731,8,2
2732,8,4
2733,7,2
2734,6,2
2735,10,0
2736,6,5
2737,4,0
2738,5,2
2739,1,0
2740,9,0
2741,7,0
2742,7,2
2743,7,5
2744,2,1
2745,3,5
2746,2,4
2747,9,0
2748,2,4
2749,7,3
2750,8,2
2751,3,2
2752,4,5
2753,5,2
2754,3,1
2755,6,1
2756,9,5
2757,7,4
2758,9,4
2759,9,3
2760,6,5
2761,6,1
2762,5,5
2763,8,1
2764,9,2
2765,4,2
2766,8,4
2767,3,5
2768,10,3
2769,2,4
2770,1,4
2771,8,0
2772,9,5
2773,6,0
2774,2,1
2775,6,5
2776,7,1
2777,9,4
2778,1,4
2779,6,1
2780,5,5
2781,7,4
2782,2,0
2783,2,4
2784,1,5
2785,6,1
2786,2,1
2787,10,4
2788,2,4
2789,1,3
2790,4,1
2791,2,1
2792,7,1
2793,3,1
2794,6,0
2795,7,2
2796,7,5
2797,8,0
2798,3,5
2799,6,3
2800,9,4
2801,10,1
2802,2,4
2803,6,0
2804,9,4
2805,10,5
2806,7,5
2807,7,4
2808,10,5
2809,10,5
2810,2,1
2811,8,5
2812,5,5
2813,2,3
2814,6,0
2815,3,2
2816,1,3
2817,5,3
2818,7,1
2819,6,3
2820,9,5
2821,1,3
2822,8,4
2823,5,4
2824,5,5
2825,8,0
2826,10,5
2827,2,2
2828,5,3
2829,5,5
2830,8,5
2831,1,3
2832,9,2
2833,5,1
2834,6,1
2835,4,5
2836,1,5
2837,10,2
2838,9,4
2839,2,5
2840,5,0
2841,10,4
2842,9,3
2843,8,2
2844,4,0
2845,4,5
2846,8,1
2847,10,4
2848,9,5
2849,3,1
2850,7,0
2851,10,0
2852,3,4
2853,10,0
2854,5,0
2855,4,4
2856,9,4
2857,10,5
2858,4,2
2859,10,0
2860,7,3
2861,7,1
2862,5,5
2863,1,2
2864,7,3
2865,9,1
2866,5,3
2867,1,0
2868,3,4
2869,7,2
2870,2,3
2871,8,2
2872,6,5
2873,10,2
2874,4,4
2875,7,3
2876,5,5
2877,8,3
2878,7,2
2879,1,3
2880,5,4
2881,9,4
2882,2,3
2883,2,4
2884,2,4
2885,10,3
2886,5,5
2887,6,5
2888,8,0
2889,5,0
2890,3,2
2891,4,1
2892,4,2
2893,2,3
2894,2,4
2895,1,2
2896,7,2
2897,4,1
2898,4,1
2899,8,0
2900,8,0
2901,3,5
2902,5,5
2903,3,4
2904,5,3
2905,10,5
2906,9,3
2907,5,0
2908,7,0
2909,1,2
2910,5,1
2911,7,1
2912,1,2
2913,1,0
2914,8,4
2915,5,4
2916,8,4
2917,10,1
2918,2,0
2919,1,5
2920,6,3
2921,1,5
2922,4,1
2923,3,1
2924,4,1
2925,10,1
2926,9,3
2927,2,0
2928,1,4
2929,1,1
2930,10,3
2931,6,3
2932,4,3
2933,8,1
2934,4,4
2935,4,3
2936,7,3
2937,5,0
2938,3,0
2939,3,4
2940,6,0
2941,10,1
2942,1,0
2943,7,2
2944,1,0
2945,10,0
2946,8,2
2947,3,3
2948,7,2
2949,8,2
2950,10,3
2951,6,4
2952,2,5
2953,1,2
2954,6,5
2955,8,0
2956,8,3
2957,5,5
2958,1,3
2959,6,5
2960,7,2
2961,2,4
2962,7,1
2963,2,3
2964,8,0
2965,5,3
2966,6,1
2967,2,0
2968,7,0
2969,5,3
2970,6,3
2971,4,3
2972,3,1
2973,9,4
2974,9,1
2975,7,0
2976,3,2
2977,4,1
2978,3,1
2979,9,4
2980,10,3
2981,3,4
2982,1,2
2983,1,0
2984,9,5
2985,4,2
2986,6,0
2987,8,5
2988,7,2
2989,5,1
2990,8,4
2991,5,1
2992,9,0
2993,8,0
2994,5,1
2995,5,5
2996,7,4
2997,5,1
2998,9,1
2999,9,5
3000,6,1
3001,2,1
3002,9,0
3003,10,5
3004,7,3
3005,3,0
3006,10,3
3007,5,5
3008,1,2
3009,8,5
3010,4,4
3011,4,5
3012,6,4
3013,4,0
3014,6,0
3015,3,2
3016,6,0
3017,1,5
3018,8,5
3019,4,3
3020,9,4
3021,8,1
3022,4,5
3023,10,1
3024,10,0
3025,2,3
3026,9,3
3027,2,4
3028,1,0
3029,3,2
3030,8,3
3031,8,2
3032,3,2
3033,3,5
3034,1,4
3035,9,3
3036,10,4
3037,8,2
3038,1,3
3039,10,1
3040,9,0
3041,5,5
3042,9,5
3043,8,3
3044,10,2
3045,7,5
3046,6,1
3047,3,3
3048,8,3
3049,5,4
3050,2,3
3051,6,0
3052,7,2
3053,10,5
3054,5,4
3055,2,1
3056,5,0
3057,7,0
3058,5,3
3059,8,0
3060,10,4
3061,3,0
3062,10,2
3063,6,4
3064,10,3
3065,1,1
3066,4,4
3067,7,0
3068,7,2
3069,5,3
3070,1,3
3071,3,0
3072,1,4
3073,4,0
3074,9,4
3075,3,4
3076,2,2
3077,5,1
3078,1,0
3079,3,5
3080,9,5
3081,9,2
3082,8,1
3083,9,1
3084,9,1
3085,7,4
3086,5,0
3087,2,5
3088,4,0
3089,5,4
3090,2,5
3091,3,5
3092,9,4
3093,3,5
3094,5,3
3095,2,2
3096,8,3
3097,1,4
3098,10,2
3099,1,1
3100,2,5
3101,9,0
3102,6,0
3103,1,0
3104,3,5
3105,9,0
3106,3,5
3107,7,3
3108,9,5
3109,9,2
3110,5,2
3111,3,4
3112,4,4
3113,10,1
3114,3,3
3115,8,4
3116,1,3
3117,4,3
3118,10,0
3119,10,1
3120,7,3
3121,1,2
3122,9,2
3123,6,3
3124,10,5
3125,8,4
3126,1,1
3127,7,0
3128,5,5
3129,2,2
3130,4,1
3131,4,4
3132,5,4
3133,4,0
3134,6,3
3135,5,4
3136,1,4
3137,6,0
3138,5,0
3139,10,0
3140,9,0
3141,6,3
3142,7,4
3143,8,1
3144,10,5
3145,4,2
3146,5,3
3147,10,2
3148,3,1
3149,5,0
3150,5,1
3151,4,1
3152,3,0
3153,4,0
3154,1,3
3155,2,1
3156,1,5
3157,10,5
3158,9,4
3159,8,3
3160,2,1
3161,6,5
3162,1,2
3163,2,5
3164,8,3
3165,6,3
3166,7,3
3167,2,2
3168,5,3
3169,10,1
3170,2,0
3171,3,0
3172,1,2
3173,2,2
3174,5,3
3175,9,5
3176,6,0
3177,4,0
3178,10,1
3179,2,4
3180,2,0
3181,3,4
3182,2,1
3183,8,2
3184,2,4
3185,8,2
3186,5,0
3187,4,3
3188,6,2
3189,7,2
3190,10,5
3191,6,1
3192,2,4
3193,7,0
3194,9,1
3195,1,2
3196,8,1
3197,9,4
3198,6,0
3199,2,4
3200,8,1
3201,8,4
3202,2,4
3203,10,0
3204,6,4
3205,10,5
3206,9,0
3207,7,0
3208,9,2
3209,5,2
3210,1,1
3211,8,4
3212,8,4
3213,10,1
3214,5,2
3215,9,3
3216,3,4
3217,2,2
3218,9,0
3219,1,3
3220,7,3
3221,5,4
3222,3,5
3223,9,2
3224,1,0
3225,8,4
3226,4,5
3227,5,3
3228,4,3
3229,7,4
3230,10,1
3231,7,5
3232,9,1
3233,10,0
3234,7,5
3235,4,1
3236,1,5
3237,7,5
3238,8,0
3239,5,2
3240,10,5
3241,6,4
3242,5,2
3243,7,0
3244,10,3
3245,1,5
3246,7,4
3247,9,3
3248,4,0
3249,3,2
3250,7,5
3251,8,3
3252,6,5
3253,3,3
3254,8,3
3255,10,1
3256,9,4
3257,6,5
3258,7,2
3259,8,5
3260,7,3
3261,3,2
3262,1,3
3263,10,0
3264,3,3
3265,2,2
3266,10,1
3267,3,2
3268,6,5
3269,5,2
3270,8,4
3271,8,1
3272,5,0
3273,5,2
3274,3,0
3275,4,1
3276,5,3
3277,4,5
3278,4,4
3279,3,3
3280,5,1
3281,1,4
3282,9,0
3283,6,1
3284,4,2
3285,3,0
3286,10,4
3287,1,2
3288,8,0
3289,9,0
3290,10,0
3291,9,1
3292,2,5
3293,1,2
3294,4,1
3295,6,3
3296,4,0
3297,2,0
3298,8,0
3299,3,3
3300,1,3
3301,9,1
3302,7,2
3303,7,0
3304,8,4
3305,8,5
3306,1,4
3307,3,0
3308,9,4
3309,7,4
3310,10,3
3311,2,4
3312,3,2
3313,5,5
3314,9,2
3315,4,5
3316,7,4
3317,2,2
3318,5,1
3319,7,1
3320,1,4
3321,10,3
3322,8,3
3323,1,5
3324,8,5
3325,2,5
3326,6,0
3327,9,1
3328,5,1
3329,7,0
3330,7,2
3331,10,2
3332,5,4
3333,6,3
3334,8,5
3335,10,5
3336,4,2
3337,9,4
3338,3,3
3339,8,1
3340,7,4
3341,10,4
3342,5,5
3343,2,2
3344,6,4
3345,9,5
3346,3,2
3347,5,0
3348,5,0
3349,7,1
3350,7,1
3351,5,4
3352,1,5
3353,2,1
3354,5,4
3355,2,2
3356,10,4
3357,3,4
3358,5,3
3359,7,5
3360,9,4
3361,2,2
3362,3,2
3363,3,2
3364,5,4
3365,10,0
3366,7,0
3367,2,1
3368,8,3
3369,7,2
3370,2,4
3371,9,4
3372,10,0
3373,5,0
3374,5,2
3375,5,3
3376,3,3
3377,2,4
3378,4,3
3379,2,3
3380,10,0
3381,6,4
3382,4,1
3383,7,5
3384,3,5
3385,10,1
3386,10,2
3387,7,1
3388,1,2
3389,4,5
3390,6,3
3391,1,5
3392,8,2
3393,8,5
3394,2,1
3395,5,4
3396,9,4
3397,6,1
3398,4,3
3399,7,2
3400,6,0
3401,1,5
3402,2,5
3403,1,3
3404,7,0
3405,10,3
3406,9,2
3407,9,0
3408,2,3
3409,5,4
3410,3,0
3411,2,1
3412,10,1
3413,5,1
3414,2,2
3415,6,0
3416,3,5
3417,10,2
3418,7,0
3419,4,2
3420,6,5
3421,3,5
3422,4,2
3423,5,1
3424,8,2
3425,1,3
3426,10,3
3427,5,0
3428,9,5
3429,10,5
3430,10,0
3431,5,3
3432,1,5
3433,2,5
3434,7,3
3435,5,1
3436,2,2
3437,4,5
3438,7,2
3439,7,5
3440,2,4
3441,10,5
3442,9,4
3443,2,0
3444,10,4
3445,10,4
3446,4,4
3447,2,5
3448,5,0
3449,5,4
3450,8,2
3451,3,2
3452,8,0
3453,1,4
3454,4,1
3455,8,1
3456,2,4
3457,6,4
3458,8,5
3459,7,4
3460,1,2
3461,7,2
3462,9,4
3463,8,3
3464,8,5
3465,6,2
3466,4,5
3467,10,0
3468,7,1
3469,10,4
3470,1,3
3471,6,5
3472,7,2
3473,7,1
3474,7,2
3475,7,3
3476,4,4
3477,8,5
3478,8,5
3479,5,1
3480,5,4
3481,5,3
3482,1,0
3483,1,5
3484,2,4
3485,1,4
3486,2,4
3487,6,1
3488,1,4
3489,4,3
3490,7,2
3491,8,4
3492,1,1
3493,7,0
3494,2,1
3495,2,4
3496,2,2
3497,8,3
3498,7,2
3499,2,2
3500,10,2
3501,9,4
3502,4,0
3503,8,2
3504,7,2
3505,9,3
3506,6,3
3507,6,2
3508,10,2
3509,7,1
3510,1,3
3511,1,2
3512,3,0
3513,4,0
3514,5,4
3515,7,1
3516,6,0
3517,7,3
3518,6,5
3519,4,3
3520,8,2
3521,8,0
3522,8,3
3523,7,3
3524,7,1
3525,6,2
3526,8,3
3527,9,2
3528,4,5
3529,4,0
3530,3,2
3531,4,1
3532,6,1
3533,4,2
3534,2,1
3535,2,4
3536,8,2
3537,7,4
3538,10,2
3539,2,1
3540,5,3
3541,5,0
3542,2,0
3543,9,4
3544,8,2
3545,1,1
3546,8,4
3547,8,3
3548,6,5
3549,9,3
3550,7,0
3551,7,5
3552,5,4
3553,2,0
3554,6,2
3555,6,5
3556,2,3
3557,6,0
3558,1,5
3559,7,5
3560,3,3
3561,5,2
3562,3,4
3563,7,4
3564,10,1
3565,3,4
3566,6,5
3567,3,3
3568,6,0
3569,5,3
3570,4,0
3571,7,0
3572,2,0
3573,3,5
3574,7,3
3575,10,4
3576,1,3
3577,8,4
3578,6,2
3579,9,0
3580,2,0
3581,4,0
3582,2,1
3583,2,4
3584,5,3
3585,9,0
3586,3,3
3587,10,2
3588,8,5
3589,10,5
3590,10,5
3591,10,2
3592,7,2
3593,3,2
3594,5,5
3595,7,1
3596,4,3
3597,6,5
3598,8,0
3599,10,1
3600,2,0
3601,6,1
3602,1,5
3603,2,2
3604,8,4
3605,8,4
3606,6,4
3607,5,1
3608,4,0
3609,10,0
3610,7,2
3611,10,5
3612,10,0
3613,2,2
3614,3,4
3615,3,4
3616,10,3
3617,7,4
3618,8,1
3619,9,1
3620,4,0
3621,7,5
3622,8,5
3623,10,2
3624,1,2
3625,5,0
3626,5,0
3627,10,3
3628,7,0
3629,7,0
3630,10,1
3631,7,0
3632,4,2
3633,4,4
3634,7,1
3635,5,2
3636,3,4
3637,4,4
3638,2,3
3639,4,0
3640,6,1
3641,10,2
3642,3,4
3643,10,1
3644,10,2
3645,6,0
3646,1,2
3647,2,4
3648,8,1
3649,3,5
3650,5,5
3651,5,0
3652,7,3
3653,3,1
3654,3,1
3655,1,5
3656,3,4
3657,7,5
3658,9,4
3659,8,4
3660,1,5
3661,4,3
3662,6,1
3663,3,5
3664,3,0
3665,2,3
3666,6,0
3667,3,0
3668,1,0
3669,10,3
3670,10,5
3671,2,2
3672,5,2
3673,6,3
3674,9,3
3675,3,3
3676,10,3
3677,5,4
3678,6,4
3679,5,3
3680,9,3
3681,9,5
3682,7,3
3683,1,2
3684,5,1
3685,6,2
3686,2,5
3687,3,5
3688,5,2
3689,7,3
3690,4,5
3691,9,5
3692,1,4
3693,6,0
3694,5,4
3695,5,2
3696,7,4
3697,6,3
3698,8,0
3699,3,3
3700,9,0
3701,9,0
3702,6,3
3703,10,5
3704,9,0
3705,7,5
3706,6,0
3707,2,3
3708,3,3
3709,3,4
3710,8,0
3711,6,3
3712,7,3
3713,2,5
3714,6,3
3715,9,2
3716,1,2
3717,1,3
3718,7,3
3719,3,4
3720,10,4
3721,5,2
3722,9,2
3723,8,0
3724,8,3
3725,1,3
3726,5,3
3727,3,2
3728,6,1
3729,7,3
3730,7,3
3731,1,2
3732,4,1
3733,2,0
3734,5,1
3735,2,5
3736,7,5
3737,6,3
3738,3,2
3739,10,0
3740,1,0
3741,3,2
3742,3,2
3743,6,1
3744,1,2
3745,2,5
3746,4,4
3747,5,4
3748,1,2
3749,5,1
3750,5,1
3751,10,5
3752,10,0
3753,9,1
3754,3,1
3755,4,5
3756,9,3
3757,8,4
3758,1,5
3759,5,1
3760,1,2
3761,7,0
3762,3,5
3763,3,5
3764,3,3
3765,4,2
3766,7,2
3767,10,1
3768,3,0
3769,6,0
3770,3,4
3771,5,0
3772,10,4
3773,3,2
3774,2,0
3775,1,5
3776,3,2
3777,9,2
3778,1,5
3779,2,0
3780,7,3
3781,9,1
3782,8,0
3783,4,5
3784,1,0
3785,8,3
3786,3,4
3787,3,4
3788,10,5
3789,9,5
3790,9,4
3791,6,0
3792,9,1
3793,1,1
3794,1,5
3795,10,1
3796,7,5
3797,5,5
3798,10,5
3799,1,5
3800,2,3
3801,10,2
3802,8,4
3803,3,0
3804,2,0
3805,2,3
3806,7,4
3807,1,2
3808,4,1
3809,8,1
3810,5,5
3811,2,2
3812,6,4
3813,4,0
3814,6,0
3815,4,5
3816,7,4
3817,8,3
3818,2,4
3819,10,1
3820,10,0
3821,2,5
3822,2,5
3823,9,2
3824,5,0
3825,10,0
3826,3,5
3827,8,5
3828,10,2
3829,10,5
3830,10,0
3831,10,4
3832,1,2
3833,3,5
3834,8,0
3835,10,1
3836,2,1
3837,6,4
3838,7,1
3839,10,1
3840,4,0
3841,4,3
3842,3,1
3843,6,2
3844,7,3
3845,7,3
3846,5,2
3847,5,3
3848,7,3
3849,5,4
3850,5,3
3851,3,5
3852,6,5
3853,7,3
3854,8,3
3855,2,4
3856,5,4
3857,9,1
3858,5,4
3859,6,0
3860,3,4
3861,1,2
3862,7,3
3863,10,4
3864,5,2
3865,8,3
3866,7,2
3867,1,4
3868,4,4
3869,7,3
3870,9,1
3871,4,1
3872,3,1
3873,1,2
3874,1,3
3875,1,0
3876,4,2
3877,4,1
3878,4,4
3879,5,5
3880,7,0
3881,5,3
3882,4,0
3883,10,0
3884,3,1
3885,7,2
3886,6,5
3887,2,0
3888,9,3
3889,4,3
3890,1,5
3891,9,2
3892,2,1
3893,5,3
3894,7,0
3895,10,3
3896,5,3
3897,2,3
3898,8,4
3899,7,5
3900,4,3
3901,8,0
3902,9,3
3903,6,4
3904,6,5
3905,10,5
3906,6,1
3907,2,1
3908,10,4
3909,10,4
3910,9,2
3911,1,0
3912,1,4
3913,4,1
3914,9,3
3915,2,5
3916,4,0
3917,10,3
3918,2,4
3919,4,2
3920,3,0
3921,6,0
3922,8,4
3923,7,1
3924,2,4
3925,6,0
3926,7,1
3927,9,2
3928,5,4
3929,10,0
3930,2,2
3931,7,0
3932,3,3
3933,10,2
3934,1,5
3935,1,0
3936,4,5
3937,2,5
3938,1,3
3939,7,2
3940,2,2
3941,4,4
3942,6,0
3943,1,1
3944,8,5
3945,10,3
3946,1,5
3947,6,3
3948,2,1
3949,2,5
3950,3,3
3951,3,1
3952,6,3
3953,9,0
3954,5,0
3955,10,1
3956,2,1
3957,5,0
3958,1,0
3959,3,1
3960,4,1
3961,10,1
3962,4,3
3963,8,2
3964,4,4
3965,2,5
3966,7,5
3967,9,4
3968,1,3
3969,6,5
3970,8,0
3971,3,5
3972,8,3
3973,9,4
3974,2,4
3975,4,0
3976,6,0
3977,8,3
3978,1,3
3979,2,2
3980,9,1
3981,8,3
3982,1,1
3983,7,5
3984,7,0
3985,4,4
3986,6,3
3987,2,5
3988,6,3
3989,9,5
3990,3,1
3991,3,2
3992,5,4
3993,5,0
3994,9,2
3995,2,1
3996,8,5
3997,7,0
3998,6,3
3999,9,3
4000,7,1
4001,6,4
4002,4,2
4003,1,3
4004,7,5
4005,8,0
4006,4,2
4007,10,5
4008,5,3
4009,4,1
4010,1,5
4011,6,0
4012,3,2
4013,5,2
4014,6,5
4015,7,5
4016,4,2
4017,4,5
4018,1,0
4019,3,5
4020,3,0
4021,5,3
4022,4,0
4023,7,5
4024,2,1
4025,6,0
4026,1,2
4027,6,1
4028,1,5
4029,3,4
4030,1,4
4031,4,4
4032,3,4
4033,1,2
4034,6,3
4035,3,0
4036,1,1
4037,10,4
4038,7,3
4039,5,3
4040,7,4
4041,3,3
4042,5,2
4043,4,1
4044,5,4
4045,10,0
4046,4,3
4047,7,0
4048,9,3
4049,6,0
4050,2,3
4051,3,4
4052,4,0
4053,6,1
4054,8,5
4055,1,4
4056,2,2
4057,7,3
4058,3,4
4059,1,1
4060,4,2
4061,3,0
4062,5,0
4063,6,2
4064,4,2
4065,2,5
4066,9,5
4067,2,0
4068,2,3
4069,5,4
4070,1,0
4071,1,1
4072,9,4
4073,9,4
4074,2,4
4075,7,4
4076,7,5
4077,4,1
4078,9,0
4079,6,0
4080,9,5
4081,10,2
4082,6,4
4083,9,1
4084,8,1
4085,6,4
4086,7,0
4087,1,4
4088,5,0
4089,7,1
4090,2,1
4091,8,0
4092,3,3
4093,2,0
4094,1,1
4095,1,2
4096,1,4
4097,6,4
4098,7,5
4099,6,1
4100,7,5
4101,10,2
4102,4,3
4103,4,3
4104,8,4
4105,1,1
4106,8,3
4107,8,0
4108,9,2
4109,10,2
4110,5,4
4111,10,2
4112,3,3
4113,9,2
4114,1,3
4115,8,4
4116,4,3
4117,8,0
4118,10,5
4119,4,2
4120,9,2
4121,10,0
4122,5,5
4123,2,4
4124,5,5
4125,5,5
4126,2,1
4127,9,4
4128,3,3
4129,5,2
4130,7,4
4131,6,3
4132,3,4
4133,9,5
4134,6,4
4135,7,4
4136,4,2
4137,1,0
4138,10,5
4139,10,5
4140,4,5
4141,7,0
4142,4,4
4143,1,3
4144,1,1
4145,3,2
4146,9,3
4147,7,3
4148,7,4
4149,5,3
4150,3,0
4151,8,4
4152,3,1
4153,2,5
4154,10,0
4155,2,1
4156,10,4
4157,6,5
4158,5,0
4159,3,2
4160,8,4
4161,6,5
4162,4,0
4163,2,5
4164,6,1
4165,5,0
4166,10,4
4167,4,5
4168,7,0
4169,3,1
4170,8,0
4171,1,0
4172,2,4
4173,6,0
4174,3,4
4175,7,1
4176,9,5
4177,1,0
4178,6,4
4179,10,5
4180,2,5
4181,3,4
4182,7,3
4183,7,2
4184,9,5
4185,7,3
4186,4,4
4187,8,4
4188,3,4
4189,6,2
4190,7,4
4191,6,1
4192,3,0
4193,5,4
4194,2,0
4195,2,1
4196,2,5
4197,3,2
4198,10,5
4199,8,4
4200,2,4
4201,2,1
4202,8,3
4203,5,0
4204,9,1
4205,10,3
4206,6,2
4207,8,1
4208,4,2
4209,8,0
4210,5,2
4211,1,4
4212,8,2
4213,1,2
4214,7,2
4215,4,3
4216,5,2
4217,5,4
4218,1,3
4219,5,2
4220,5,0
4221,8,3
4222,10,1
4223,5,3
4224,4,4
4225,9,4
4226,1,1
4227,4,4
4228,6,1
4229,7,2
4230,2,0
4231,7,2
4232,1,1
4233,5,0
4234,5,3
4235,5,0
4236,9,3
4237,7,3
4238,5,2
4239,6,4
4240,8,0
4241,4,3
4242,2,5
4243,2,3
4244,4,1
4245,4,5
4246,6,0
4247,9,1
4248,8,4
4249,8,4
4250,1,5
4251,6,5
4252,9,0
4253,7,3
4254,1,5
4255,8,1
4256,7,3
4257,1,1
4258,5,1
4259,10,1
4260,3,0
4261,1,2
4262,6,4
4263,9,0
4264,1,1
4265,8,4
4266,4,2
4267,8,2
4268,6,4
4269,9,3
4270,10,0
4271,4,1
4272,4,5
4273,7,0
4274,3,1
4275,9,2
4276,9,2
4277,5,1
4278,9,5
4279,4,5
4280,1,1
4281,6,5
4282,10,4
4283,3,1
4284,5,5
4285,8,1
4286,8,3
4287,9,2
4288,10,1
4289,7,1
4290,6,1
4291,6,3
4292,10,4
4293,3,0
4294,10,0
4295,3,2
4296,3,3
4297,10,2
4298,9,3
4299,10,1
4300,8,1
4301,3,0
4302,3,1
4303,6,0
4304,9,3
4305,8,0
4306,7,4
4307,7,3
4308,8,1
4309,1,5
4310,2,0
4311,2,1
4312,4,0
4313,5,1
4314,3,2
4315,7,2
4316,7,3
4317,10,3
4318,7,0
4319,8,5
4320,9,1
4321,9,3
4322,1,0
4323,4,1
4324,3,5
4325,8,5
4326,8,5
4327,1,1
4328,1,3
4329,1,5
4330,7,2
4331,4,0
4332,7,4
4333,2,5
4334,10,3
4335,2,1
4336,10,0
4337,5,4
4338,3,0
4339,4,2
4340,10,1
4341,1,5
4342,5,3
4343,3,1
4344,6,5
4345,6,0
4346,10,1
4347,4,1
4348,8,3
4349,3,2
4350,8,0
4351,10,5
4352,9,1
4353,1,0
4354,7,4
4355,4,5
4356,4,3
4357,2,5
4358,2,3
4359,4,3
4360,1,4
4361,5,0
4362,3,5
4363,1,5
4364,6,1
4365,7,4
4366,8,4
4367,3,5
4368,4,3
4369,4,1
4370,3,3
4371,1,2
4372,1,0
4373,2,2
4374,4,5
4375,5,5
4376,4,4
4377,3,3
4378,1,4
4379,4,1
4380,5,4
4381,10,2
4382,8,2
4383,9,5
4384,1,4
4385,9,5
4386,10,4
4387,7,1
4388,9,0
4389,8,5
4390,7,2
4391,5,0
4392,4,4
4393,6,1
4394,2,1
4395,7,2
4396,10,2
4397,10,2
4398,5,5
4399,10,2
4400,6,1
4401,6,5
4402,4,3
4403,9,3
4404,10,2
4405,7,2
4406,4,3
4407,2,3
4408,5,3
4409,4,1
4410,5,4
4411,6,3
4412,4,2
4413,6,1
4414,3,5
4415,1,5
4416,6,3
4417,9,2
4418,3,5
4419,5,2
4420,1,3
4421,9,3
4422,7,5
4423,3,5
4424,3,5
4425,10,0
4426,6,3
4427,8,2
4428,8,2
4429,2,4
4430,2,4
4431,6,4
4432,2,1
4433,9,2
4434,10,2
4435,4,4
4436,6,5
4437,4,0
4438,4,1
4439,3,1
4440,3,1
4441,7,1
4442,7,4
4443,3,3
4444,2,4
4445,7,1
4446,6,4
4447,9,0
4448,7,2
4449,10,0
4450,8,2
4451,4,5
4452,7,3
4453,8,1
4454,1,5
4455,5,4
4456,7,2
4457,9,0
4458,6,1
4459,6,4
4460,7,3
4461,5,4
4462,7,3
4463,1,2
4464,5,5
4465,10,5
4466,6,0
4467,6,4
4468,4,4
4469,8,5
4470,7,4
4471,4,1
4472,10,0
4473,6,2
4474,4,0
4475,4,3
4476,5,0
4477,8,4
4478,6,5
4479,1,0
4480,7,4
4481,7,3
4482,4,5
4483,10,3
4484,10,5
4485,8,1
4486,2,4
4487,10,1
4488,7,2
4489,9,0
4490,9,3
4491,6,5
4492,2,2
4493,9,1
4494,5,0
4495,5,5
4496,9,5
4497,1,4
4498,3,5
4499,9,5
4500,3,2
4501,2,1
4502,8,1
4503,4,5
4504,1,5
4505,1,0
4506,4,4
4507,3,1
4508,5,0
4509,3,4
4510,7,5
4511,7,0
4512,6,1
4513,1,5
4514,4,5
4515,4,4
4516,10,3
4517,6,2
4518,5,4
4519,7,0
4520,1,2
4521,8,4
4522,8,1
4523,4,5
4524,3,4
4525,10,5
4526,6,4
4527,4,2
4528,4,5
4529,5,5
4530,6,3
4531,9,3
4532,6,2
4533,3,5
4534,1,4
4535,4,2
4536,6,0
4537,6,3
4538,9,1
4539,6,3
4540,10,0
4541,3,5
4542,5,2
4543,4,4
4544,8,2
4545,1,5
4546,4,1
4547,2,2
4548,5,0
4549,5,4
4550,2,3
4551,1,3
4552,6,2
4553,4,0
4554,6,1
4555,5,3
4556,4,5
4557,10,4
4558,4,2
4559,8,1
4560,2,1
4561,4,1
4562,2,3
4563,5,0
4564,2,5
4565,4,4
4566,8,0
4567,2,2
4568,5,5
4569,7,1
4570,7,1
4571,4,0
4572,6,4
4573,4,0
4574,4,3
4575,5,1
4576,4,3
4577,6,2
4578,5,1
4579,7,2
4580,8,5
4581,4,2
4582,7,5
4583,7,5
4584,4,0
4585,5,0
4586,3,2
4587,1,3
4588,1,4
4589,7,0
4590,2,4
4591,8,5
4592,2,4
4593,10,5
4594,3,0
4595,1,2
4596,5,5
4597,7,1
4598,7,0
4599,8,1
4600,4,3
4601,1,1
4602,9,1
4603,1,5
4604,9,3
4605,10,4
4606,6,5
4607,2,5
4608,8,1
4609,7,5
4610,8,5
4611,3,2
4612,1,5
4613,6,0
4614,5,2
4615,9,3
4616,7,5
4617,8,3
4618,4,3
4619,4,3
4620,5,4
4621,6,5
4622,4,4
4623,7,4
4624,1,0
4625,5,2
4626,9,3
4627,1,3
4628,4,2
4629,8,1
4630,8,1
4631,7,2
4632,1,1
4633,5,5
4634,10,1
4635,4,5
4636,8,4
4637,4,1
4638,10,1
4639,7,4
4640,6,0
4641,2,4
4642,9,1
4643,8,0
4644,1,2
4645,10,2
4646,5,3
4647,5,5
4648,9,4
4649,9,2
4650,1,0
4651,9,2
4652,3,0
4653,1,0
4654,3,4
4655,2,0
4656,3,4
4657,6,4
4658,3,0
4659,9,1
4660,4,2
4661,7,5
4662,8,0
4663,2,0
4664,5,5
4665,6,1
4666,5,4
4667,4,3
4668,1,3
4669,10,3
4670,1,2
4671,1,2
4672,7,3
4673,4,2
4674,2,1
4675,10,2
4676,4,5
4677,9,1
4678,5,0
4679,7,3
4680,10,1
4681,10,0
4682,4,2
4683,9,5
4684,4,1
4685,5,0
4686,2,1
4687,3,0
4688,10,4
4689,3,1
4690,1,4
4691,10,4
4692,7,5
4693,6,0
4694,9,4
4695,3,4
4696,4,4
4697,1,4
4698,8,0
4699,3,3
4700,7,4
4701,10,0
4702,5,0
4703,6,2
4704,1,2
4705,9,0
4706,5,4
4707,3,3
4708,2,4
4709,4,0
4710,8,5
4711,9,0
4712,2,3
4713,9,4
4714,10,2
4715,1,5
4716,4,2
4717,5,4
4718,10,1
4719,3,4
4720,8,4
4721,2,0
4722,6,2
4723,4,1
4724,7,4
4725,9,2
4726,6,3
4727,1,5
4728,8,4
4729,4,1
4730,3,5
4731,8,2
4732,6,5
4733,9,0
4734,10,0
4735,5,4
4736,2,2
4737,2,0
4738,5,4
4739,4,3
4740,1,0
4741,3,2
4742,2,2
4743,4,4
4744,5,5
4745,4,4
4746,1,4
4747,10,2
4748,1,5
4749,7,4
4750,8,2
4751,4,0
4752,3,4
4753,8,3
4754,4,5
4755,1,0
4756,6,5
4757,3,3
4758,9,5
4759,9,0
4760,8,3
4761,5,3
4762,8,3
4763,2,0
4764,7,1
4765,1,2
4766,10,2
4767,8,1
4768,9,2
4769,5,2
4770,2,1
4771,5,3
4772,10,1
4773,2,3
4774,1,5
4775,10,0
4776,8,2
4777,8,0
4778,2,1
4779,10,4
4780,10,1
4781,5,2
4782,3,0
4783,3,0
4784,9,0
4785,7,4
4786,4,4
4787,10,1
4788,10,4
4789,8,2
4790,9,2
4791,4,5
4792,1,5
4793,5,3
4794,2,1
4795,8,2
4796,9,2
4797,6,4
4798,2,1
4799,1,1
4800,10,4
4801,10,1
4802,4,4
4803,4,4
4804,3,2
4805,9,3
4806,4,4
4807,1,4
4808,7,4
4809,9,0
4810,10,2
4811,8,4
4812,9,0
4813,9,3
4814,8,0
4815,3,1
4816,2,0
4817,8,1
4818,9,0
4819,1,0
4820,10,2
4821,9,0
4822,3,2
4823,5,0
4824,9,5
4825,2,4
4826,10,5
4827,5,4
4828,7,2
4829,8,3
4830,9,2
4831,4,2
4832,10,2
4833,4,5
4834,4,5
4835,9,1
4836,4,2
4837,5,0
4838,2,1
4839,4,3
4840,8,3
4841,3,2
4842,6,2
4843,1,3
4844,7,0
4845,6,5
4846,8,2
4847,5,4
4848,6,1
4849,4,0
4850,8,2
4851,9,5
4852,2,5
4853,6,3
4854,10,4
4855,8,4
4856,6,3
4857,2,1
4858,1,5
4859,2,3
4860,9,2
4861,3,5
4862,5,3
4863,7,1
4864,4,1
4865,6,4
4866,9,3
4867,8,0
4868,5,1
4869,5,0
4870,7,4
4871,10,1
4872,6,4
4873,9,5
4874,10,1
4875,7,1
4876,9,2
4877,2,1
4878,5,0
4879,3,4
4880,1,1
4881,6,4
4882,1,3
4883,7,0
4884,7,0
4885,3,0
4886,8,0
4887,5,2
4888,8,4
4889,9,1
4890,6,1
4891,4,5
4892,1,3
4893,2,1
4894,9,5
4895,5,3
4896,3,2
4897,5,0
4898,2,2
4899,2,2
4900,6,3
4901,3,1
4902,1,0
4903,8,0
4904,10,3
4905,8,3
4906,6,2
4907,2,4
4908,3,5
4909,1,0
4910,1,4
4911,8,4
4912,3,0
4913,7,3
4914,4,0
4915,7,2
4916,2,4
4917,9,3
4918,9,4
4919,5,1
4920,10,2
4921,7,1
4922,10,5
4923,10,5
4924,10,5
4925,1,0
4926,6,4
4927,10,1
4928,10,4
4929,2,2
4930,2,0
4931,8,2
4932,5,0
4933,7,3
4934,2,3
4935,3,1
4936,5,3
4937,1,0
4938,4,5
4939,9,4
4940,1,2
4941,10,0
4942,6,0
4943,10,2
4944,6,4
4945,1,4
4946,2,1
4947,5,3
4948,2,4
4949,10,3
4950,4,0
4951,9,3
4952,5,4
4953,1,3
4954,1,2
4955,6,5
4956,6,2
4957,5,4
4958,7,3
4959,6,3
4960,2,1
4961,1,2
4962,8,0
4963,7,5
4964,8,5
4965,7,5
4966,7,3
4967,5,1
4968,1,3
4969,6,2
4970,6,4
4971,2,1
4972,2,2
4973,4,0
4974,9,2
4975,8,1
4976,7,1
4977,6,1
4978,2,1
4979,2,3
4980,1,3
4981,6,0
4982,8,4
4983,4,2
4984,1,3
4985,2,2
4986,3,4
4987,3,0
4988,8,1
4989,10,0
4990,10,2
4991,3,1
4992,3,5
4993,7,1
4994,5,1
4995,7,2
4996,9,1
4997,9,0
4998,8,3
4999,5,0
5000,7,0
5001,5,3
5002,5,4
5003,9,4
5004,9,4
5005,5,2
5006,1,2
5007,7,1
5008,5,1
5009,8,2
5010,2,1
5011,4,1
5012,1,4
5013,8,4
5014,7,2
5015,9,1
5016,1,1
5017,10,0
5018,10,2
5019,10,1
5020,3,0
5021,6,5
5022,9,5
5023,5,4
5024,8,0
5025,3,0
5026,4,3
5027,5,4
5028,2,2
5029,4,1
5030,3,3
5031,10,4
5032,9,1
5033,8,3
5034,7,3
5035,3,3
5036,7,1
5037,4,4
5038,10,1
5039,5,3
5040,5,2
5041,9,1
5042,1,3
5043,3,4
5044,4,1
5045,4,1
5046,3,0
5047,5,3
5048,10,3
5049,1,4
5050,9,1
5051,7,1
5052,7,4
5053,9,0
5054,10,2
5055,7,1
5056,2,3
5057,5,4
5058,7,4
5059,4,4
5060,8,4
5061,2,4
5062,7,1
5063,3,4
5064,5,0
5065,8,1
5066,6,2
5067,5,0
5068,1,1
5069,2,3
5070,10,4
5071,7,2
5072,9,5
5073,10,4
5074,5,3
5075,3,0
5076,10,3
5077,8,2
5078,6,4
5079,1,1
5080,6,2
5081,9,0
5082,6,1
5083,4,4
5084,2,3
5085,7,2
5086,10,0
5087,10,4
5088,8,2
5089,1,0
5090,1,5
5091,9,2
5092,4,3
5093,1,4
5094,7,0
5095,1,2
5096,3,3
5097,6,3
5098,9,5
5099,1,2
5100,2,3
5101,10,3
5102,5,3
5103,7,2
5104,1,3
5105,10,3
5106,8,3
5107,1,1
5108,5,1
5109,6,4
5110,4,1
5111,4,0
5112,6,5
5113,6,2
5114,7,3
5115,5,4
5116,9,3
5117,3,1
5118,6,5
5119,9,4
5120,10,3
5121,5,3
5122,4,1
5123,5,1
5124,3,3
5125,2,4
5126,8,3
5127,7,1
5128,9,1
5129,4,4
5130,6,3
5131,3,2
5132,9,1
5133,3,3
5134,6,5
5135,10,4
5136,10,1
5137,4,2
5138,10,4
5139,10,5
5140,9,3
5141,1,4
5142,10,2
5143,9,0
5144,7,1
5145,2,3
5146,2,1
5147,4,2
5148,5,1
5149,7,0
5150,10,4
5151,9,2
5152,4,5
5153,7,5
5154,8,3
5155,5,2
5156,7,0
5157,8,3
5158,4,3
5159,8,5
5160,5,1
5161,2,2
5162,10,3
5163,1,5
5164,1,4
5165,6,1
5166,4,1
5167,1,1
5168,9,1
5169,5,1
5170,9,1
5171,3,2
5172,4,1
5173,6,1
5174,6,4
5175,9,0
5176,6,1
5177,4,4
5178,3,0
5179,4,2
5180,10,4
5181,8,5
5182,4,4
5183,10,5
5184,9,5
5185,7,1
5186,8,4
5187,4,3
5188,6,1
5189,9,5
5190,3,5
5191,4,0
5192,7,2
5193,9,4
5194,1,3
5195,3,1
5196,9,5
5197,10,0
5198,6,0
5199,7,0
5200,3,4
5201,4,4
5202,4,1
5203,5,3
5204,10,4
5205,3,5
5206,6,5
5207,2,4
5208,2,0
5209,9,5
5210,1,4
5211,3,2
5212,7,2
5213,3,4
5214,4,2
5215,8,4
5216,4,5
5217,10,1
5218,3,5
5219,3,3
5220,3,4
5221,6,4
5222,4,1
5223,4,0
5224,6,0
5225,7,1
5226,4,3
5227,4,2
5228,5,5
5229,4,2
5230,3,5
5231,9,1
5232,4,3
5233,3,3
5234,1,5
5235,4,3
5236,1,2
5237,9,5
5238,4,4
5239,3,0
5240,7,0
5241,1,0
5242,7,2
5243,5,5
5244,9,0
5245,1,4
5246,4,4
5247,1,4
5248,4,1
5249,3,1
5250,6,2
5251,7,5
5252,9,5
5253,3,4
5254,6,2
5255,5,5
5256,5,4
5257,6,1
5258,10,0
5259,4,4
5260,8,2
5261,6,4
5262,3,2
5263,8,5
5264,5,1
5265,5,0
5266,6,1
5267,1,0
5268,6,1
5269,9,2
5270,1,3
5271,6,1
5272,2,0
5273,7,3
5274,8,3
5275,3,5
5276,6,0
5277,1,3
5278,4,3
5279,3,0
5280,6,5
5281,5,3
5282,9,4
5283,3,3
5284,8,3
5285,5,5
5286,3,4
5287,10,4
5288,4,4
5289,6,5
5290,3,4
5291,3,3
5292,9,5
5293,9,1
5294,3,4
5295,9,2
5296,7,4
5297,10,0
5298,5,3
5299,1,0
5300,2,4
5301,7,5
5302,4,3
5303,4,4
5304,8,0
5305,8,5
5306,7,3
5307,2,1
5308,2,4
5309,5,0
5310,10,0
5311,3,2
5312,1,0
5313,10,1
5314,10,3
5315,5,3
5316,6,3
5317,9,2
5318,6,0
5319,6,5
5320,4,1
5321,5,1
5322,4,3
5323,2,3
5324,9,3
5325,2,3
5326,6,5
5327,1,3
5328,10,5
5329,2,4
5330,7,3
5331,10,1
5332,3,4
5333,2,1
5334,4,2
5335,2,3
5336,3,5
5337,9,3
5338,4,2
5339,7,3
5340,9,5
5341,1,2
5342,3,1
5343,1,0
5344,1,0
5345,2,1
5346,6,0
5347,2,2
5348,10,1
5349,5,1
5350,8,3
5351,10,1
5352,10,0
5353,1,0
5354,10,1
5355,10,1
5356,5,2
5357,7,3
5358,3,0
5359,3,1
5360,1,4
5361,6,2
5362,10,3
5363,6,3
5364,5,0
5365,9,2
5366,10,2
5367,1,4
5368,9,2
5369,3,2
5370,1,0
5371,2,5
5372,6,0
5373,9,0
5374,9,1
5375,1,4
5376,10,0
5377,1,4
5378,7,2
5379,1,1
5380,6,3
5381,8,2
5382,3,2
5383,1,5
5384,4,2
5385,9,4
5386,10,2
5387,7,5
5388,4,2
5389,1,0
5390,10,1
5391,1,3
5392,1,4
5393,7,5
5394,2,3
5395,5,3
5396,9,3
5397,6,2
5398,2,5
5399,1,1
5400,9,1
5401,9,3
5402,10,3
5403,2,1
5404,6,2
5405,1,0
5406,6,5
5407,10,4
5408,9,4
5409,8,1
5410,5,4
5411,5,0
5412,9,5
5413,4,1
5414,2,3
5415,6,2
5416,2,2
5417,8,4
5418,5,1
5419,8,2
5420,2,4
5421,4,1
5422,4,2
5423,9,4
5424,8,1
5425,7,0
5426,10,5
5427,3,1
5428,3,3
5429,3,4
5430,6,4
5431,6,3
5432,10,4
5433,2,2
5434,10,4
5435,9,2
5436,6,2
5437,5,0
5438,5,0
5439,8,3
5440,3,0
5441,2,4
5442,2,2
5443,8,2
5444,2,1
5445,4,3
5446,6,3
5447,9,3
5448,9,4
5449,9,0
5450,1,4
5451,6,1
5452,10,4
5453,4,3
5454,10,0
5455,7,5
5456,5,5
5457,8,2
5458,6,4
5459,5,2
5460,6,1
5461,7,5
5462,3,3
5463,5,5
5464,7,3
5465,4,1
5466,10,3
5467,10,3
5468,8,1
5469,9,4
5470,2,5
5471,9,3
5472,3,4
5473,6,5
5474,5,4
5475,10,4
5476,4,3
5477,10,0
5478,8,0
5479,7,0
5480,6,0
5481,1,5
5482,10,5
5483,8,5
5484,6,5
5485,4,2
5486,2,2
5487,4,1
5488,9,2
5489,4,5
5490,2,2
5491,5,4
5492,1,0
5493,2,3
5494,4,5
5495,1,1
5496,9,0
5497,7,5
5498,2,2
5499,9,1
5500,1,3
5501,8,2
5502,10,0
5503,5,0
5504,7,0
5505,6,0
5506,5,1
5507,3,4
5508,6,2
5509,2,3
5510,10,0
5511,3,2
5512,1,0
5513,8,5
5514,2,4
5515,5,3
5516,4,5
5517,4,1
5518,9,2
5519,10,4
5520,9,5
5521,6,1
5522,5,5
5523,2,2
5524,7,5
5525,3,5
5526,3,0
5527,10,3
5528,2,5
5529,1,0
5530,10,4
5531,7,4
5532,1,3
5533,7,5
5534,2,0
5535,7,4
5536,3,0
5537,6,0
5538,9,2
5539,6,1
5540,6,5
5541,4,5
5542,4,3
5543,1,2
5544,4,0
5545,9,2
5546,6,1
5547,5,1
5548,2,3
5549,3,3
5550,5,3
5551,9,0
5552,3,0
5553,2,0
5554,3,2
5555,8,1
5556,9,4
5557,6,1
5558,7,1
5559,8,3
5560,5,4
5561,3,4
5562,6,4
5563,10,1
5564,7,1
5565,2,4
5566,1,3
5567,4,0
5568,6,2
5569,8,2
5570,10,2
5571,9,0
5572,1,0
5573,10,0
5574,9,1
5575,9,2
5576,9,1
5577,3,0
5578,2,5
5579,4,4
5580,8,5
5581,10,5
5582,3,4
5583,10,1
5584,2,4
5585,4,2
5586,8,0
5587,8,1
5588,3,0
5589,6,5
5590,9,3
5591,2,2
5592,2,3
5593,2,2
5594,8,1
5595,9,4
5596,3,0
5597,9,0
5598,2,2
5599,4,4
5600,8,5
5601,9,4
5602,7,5
5603,3,2
5604,3,2
5605,9,0
5606,10,4
5607,1,2
5608,1,5
5609,9,4
5610,4,2
5611,8,1
5612,2,5
5613,9,1
5614,8,1
5615,10,0
5616,10,4
5617,5,1
5618,5,1
5619,10,1
5620,8,2
5621,8,0
5622,6,5
5623,3,3
5624,7,4
5625,9,4
5626,6,4
5627,4,3
5628,8,4
5629,9,1
5630,5,4
5631,7,4
5632,10,3
5633,1,3
5634,2,5
5635,1,5
5636,8,0
5637,9,5
5638,9,2
5639,4,5
5640,10,3
5641,8,1
5642,8,5
5643,1,5
5644,4,1
5645,6,1
5646,7,2
5647,9,5
5648,5,3
5649,8,0
5650,1,0
5651,9,0
5652,1,4
5653,2,4
5654,4,2
5655,4,2
5656,5,3
5657,5,4
5658,6,4
5659,10,4
5660,6,5
5661,8,2
5662,3,0
5663,1,3
5664,8,4
5665,4,0
5666,10,0
5667,1,5
5668,7,0
5669,9,1
5670,10,5
5671,4,0
5672,6,4
5673,6,1
5674,9,5
5675,9,2
5676,9,4
5677,7,3
5678,1,1
5679,4,1
5680,4,4
5681,1,2
5682,6,2
5683,1,5
5684,7,2
5685,3,4
5686,4,3
5687,7,1
5688,1,0
5689,4,1
5690,7,3
5691,1,1
5692,9,5
5693,7,4
5694,5,5
5695,1,1
5696,3,3
5697,5,0
5698,9,2
5699,3,3
5700,6,4
5701,9,4
5702,4,0
5703,8,1
5704,3,1
5705,2,4
5706,1,5
5707,9,1
5708,10,1
5709,1,5
5710,9,3
5711,5,4
5712,3,1
5713,6,2
5714,2,4
5715,9,1
5716,5,5
5717,5,3
5718,10,4
5719,2,3
5720,6,0
5721,10,2
5722,6,4
5723,5,5
5724,7,2
5725,5,0
5726,2,1
5727,8,1
5728,7,2
5729,10,1
5730,7,4
5731,1,2
5732,4,3
5733,8,3
5734,3,1
5735,6,0
5736,2,3
5737,6,4
5738,10,0
5739,6,4
5740,4,2
5741,6,3
5742,6,2
5743,10,1
5744,9,3
5745,8,0
5746,2,1
5747,3,2
5748,4,2
5749,4,0
5750,4,5
5751,10,4
5752,6,4
5753,7,1
5754,4,5
5755,9,1
5756,2,4
5757,1,2
5758,7,2
5759,10,0
5760,4,0
5761,10,4
5762,9,0
5763,7,3
5764,5,0
5765,7,5
5766,2,1
5767,7,4
5768,3,0
5769,5,1
5770,5,5
5771,4,2
5772,1,0
5773,10,4
5774,4,0
5775,4,3
5776,3,1
5777,1,5
5778,9,0
5779,8,0
5780,4,0
5781,4,3
5782,4,4
5783,7,2
5784,7,4
5785,10,3
5786,1,0
5787,5,2
5788,6,3
5789,3,2
5790,4,2
5791,5,2
5792,5,4
5793,8,4
5794,4,2
5795,2,2
5796,1,3
5797,1,4
5798,1,5
5799,4,5
5800,7,3
5801,5,3
5802,6,0
5803,1,5
5804,7,1
5805,7,0
5806,7,4
5807,2,1
5808,1,2
5809,6,1
5810,1,4
5811,6,3
5812,3,4
5813,1,2
5814,7,0
5815,6,4
5816,7,4
5817,5,5
5818,5,3
5819,9,5
5820,3,0
5821,10,0
5822,4,1
5823,8,1
5824,7,3
5825,10,1
5826,8,2
5827,8,5
5828,8,4
5829,5,5
5830,5,4
5831,5,3
5832,10,2
5833,7,1
5834,3,2
5835,2,2
5836,8,4
5837,10,5
5838,2,4
5839,7,2
5840,9,0
5841,6,2
5842,3,1
5843,1,1
5844,8,5
5845,9,1
5846,7,4
5847,5,3
5848,2,2
5849,10,5
5850,1,1
5851,7,3
5852,2,4
5853,10,1
5854,3,1
5855,5,1
5856,3,4
5857,1,0
5858,4,5
5859,4,1
5860,1,0
5861,8,0
5862,2,3
5863,5,1
5864,7,4
5865,3,5
5866,3,0
5867,4,4
5868,1,5
5869,8,3
5870,4,3
5871,10,4
5872,1,4
5873,4,4
5874,1,3
5875,4,3
5876,1,2
5877,3,4
5878,1,0
5879,2,3
5880,7,0
5881,5,4
5882,2,2
5883,10,2
5884,1,4
5885,10,1
5886,6,0
5887,10,3
5888,9,3
5889,10,1
5890,8,0
5891,7,0
5892,10,2
5893,1,0
5894,9,4
5895,8,4
5896,6,0
5897,8,4
5898,2,3
5899,6,2
5900,10,5
5901,4,0
5902,7,2
5903,3,2
5904,7,4
5905,1,4
5906,6,5
5907,8,0
5908,6,0
5909,2,3
5910,9,0
5911,1,2
5912,7,1
5913,3,2
5914,7,1
5915,6,0
5916,2,4
5917,4,0
5918,4,5
5919,8,5
5920,4,5
5921,6,1
5922,7,4
5923,5,5
5924,6,4
5925,4,2
5926,5,5
5927,7,5
5928,4,3
5929,4,0
5930,5,4
5931,6,5
5932,3,0
5933,7,1
5934,6,4
5935,6,0
5936,5,3
5937,2,2
5938,5,2
5939,6,4
5940,7,0
5941,10,1
5942,8,4
5943,1,3
5944,3,0
5945,4,3
5946,2,0
5947,9,5
5948,3,5
5949,4,2
5950,7,4
5951,8,3
5952,5,4
5953,10,5
5954,5,4
5955,4,1
5956,4,5
5957,5,1
5958,8,2
5959,7,1
5960,2,4
5961,10,5
5962,9,0
5963,2,4
5964,1,2
5965,6,5
5966,1,0
5967,9,5
5968,10,4
5969,2,3
5970,4,2
5971,7,2
5972,5,5
5973,7,4
5974,3,0
5975,6,1
5976,10,3
5977,10,4
5978,7,4
5979,2,1
5980,4,1
5981,6,0
5982,1,3
5983,2,4
5984,6,3
5985,4,3
5986,2,3
5987,10,2
5988,6,5
5989,1,2
5990,3,0
5991,1,2
5992,3,3
5993,2,5
5994,10,3
5995,3,1
5996,5,0
5997,4,4
5998,6,3
5999,1,3
